prompt,base,finetuned
Giải thích khái niệm machine learning cho người mới bắt đầu.,"Machine learning là một phân tích máy tính, trong đó máy tính học tập từ dữ liệu, tìm ra các mẫu và liên kết chúng, và sau đó dự đoán kết quả dựa trên dữ liệu đó. Nó không yêu cầu một chương trình cụ thể được viết để giải quyết vấn đề mà nó gặp phải. Thay vào đó, nó dựa trên việc tự học và tự đào tạ","Machine learning là một bộ môn khoa học máy tính mà mục đích của nó là cho phép máy tự huấn luyện mình mà không cần phải được chỉ đạo bằng chương trình cứng nhắc. Trong khi các hệ thống thông thường cần phải được thiết kế và lập trình để thực hiện một nhiệm vụ cụ thể, máy học tự động học được một mẫ"
Viết đoạn code Python tính số Fibonacci thứ n.,"Để tính số Fibonacci thứ n, bạn có thể sử dụng hàm đệ quy hoặc vòng lặp. Dưới đây là hai đoạn mã Python để tính số Fibonacci thứ n:

```python
def fibonacci_recursive(n):
    if n <= 0:
        return 0
    elif n == 1:
        return 1
    else:
        return fibonacci_recursive(n - 1) + fibonacci","Để tính số Fibonacci thứ n bằng Python, bạn có thể sử dụng một trong hai cách sau: ### Code 1: Dùng vòng lặp ### Code Python
```
def fibonacci(n):
    if n <= 0:
        return ""Không có số Fibonacci thứ n khi n <= 0""
    elif n == 1:
        return 0
    elif n == 2:
        return 1
    else:
    "
Liệt kê 5 nguyên tắc thiết kế UI/UX.,"1. Kỷ luật: Các thiết kế nên tuân thủ các nguyên tắc thiết kế và các tiêu chuẩn. 2. Thảm họa: Các thiết kế không nên gây ra các vấn đề về mắt, khả năng sử dụng hoặc trải nghiệm người dùng. 3. Kích thước: Các yếu tố cần có kích thước thích hợp và rõ ràng để dễ dàng nhận ra và tương tác. 4. Phân phối:","1. Sự thuận tiện: UI/UX thiết kế nên phải thuận tiện cho người dùng trong việc sử dụng sản phẩm. 2. Sự thống nhất: UI/UX thiết kế nên thống nhất với các yếu tố khác trong trải nghiệm người dùng. 3. Sự dễ đọc: UI/UX thiết kế nên dễ đọc, dễ hiểu và dễ hiểu. 4. Sự đơn giản: UI/UX thiết kế nên đơn giản,"
Tóm tắt sự khác biệt giữa LoRA và QLoRA.,LoRA (Layer-wise Auto-Relevance Optimization) và QLoRA (Quantized LoRA) là hai phương pháp cải thiện hiệu suất của mô hình NLP (Nền tảng học máy cho ngôn ngữ) bằng cách thêm các cơ quan cảm biến (tính toán) bổ sung vào mạng. LoRA và QLoRA đều cải thiện hiệu suất của mô hình NLP bằng cách giảm độ phứ,LoRA (Low-Rank Adaptation) và QLoRA (Quantized LoRA) là hai phương pháp cải tiến được phát triển để cải thiện hiệu suất của mô hình NLP bằng cách giảm số lượng tham số mà không làm giảm độ chính xác của mô hình. LoRA được thiết kế để giảm số lượng tham số của mô hình NLP bằng cách thêm một lớp ẩn gi
"Phân biệt prompt engineering, RAG, và fine-tuning.","Prompt engineering, RAG (Retrieval-Augmented Generation) và fine-tuning là ba phương pháp khác nhau trong AI được sử dụng để cải thiện hiệu suất của mô hình AI. 1. Prompt engineering: Phương pháp này là một kỹ thuật để tối ưu hóa các câu hỏi hoặc câu lệnh cho một mô hình AI, bằng cách sắp xếp các câ","Prompt engineering, RAG, và fine-tuning là ba kỹ thuật khác nhau được sử dụng trong xử lý dữ liệu tự động. Trong phần này, chúng ta sẽ xem xét từng kỹ thuật một cách chi tiết và phân biệt chúng. Prompt engineering: Prompt engineering là một kỹ thuật được sử dụng để cải thiện hiệu suất của các hệ thố"
